budget_for,year,head_title,level_code,total_actuals,total_estimate_py,total_revised_py,total_estimate_cy,level_col,head_title_updated,level_num,min_level,display_title,category
jails,2018-19,jails__null,2056__0,6731.16,7681.81,8587.9,9754.04,level_2,jails,2,2,Jails,total
jails,2019-20,jails__null,2056__0,6976.360000000001,9754.04,10306.54,11388.56,level_2,jails,2,2,Jails,total
jails,2020-21,jails__null,2056__0,8140.1500000000005,11388.56,11596.31,9653,level_2,jails,2,2,Jails,total
jails,2021-22,jails__null,2056__0,8093.86,9653,9741.24,8975.2,level_2,jails,2,2,Jails,total
jails,2018-19,jails__null__direction and administration,2056__0__1,243.5,558.03,593.89,744.78,level_3,jails__direction and administration,3,3,Jails - Direction And Administration,direction and administration
jails,2019-20,jails__null__direction and administration,2056__0__1,265.36,744.78,768.78,1101.65,level_3,jails__direction and administration,3,3,Jails - Direction And Administration,direction and administration
jails,2020-21,jails__null__direction and administration,2056__0__1,454.62,1101.65,1153.4,476.47,level_3,jails__direction and administration,3,3,Jails - Direction And Administration,direction and administration
jails,2021-22,jails__null__direction and administration,2056__0__1,343.89,476.47,508.78000000000003,459.8,level_3,jails__direction and administration,3,3,Jails - Direction And Administration,direction and administration
jails,2018-19,jails__null__jails,2056__0__101,6297.93,6879.04,7692.64,8684.1,level_3,jails__jails,3,3,Jails - Jails,jails
jails,2019-20,jails__null__jails,2056__0__101,6482.47,8684.1,9212.6,9903.460000000001,level_3,jails__jails,3,3,Jails - Jails,jails
jails,2020-21,jails__null__jails,2056__0__101,7465,9903.460000000001,10059.460000000001,8855.79,level_3,jails__jails,3,3,Jails - Jails,jails
jails,2021-22,jails__null__jails,2056__0__101,7498.969999999999,8855.79,8911.72,8104.200000000001,level_3,jails__jails,3,3,Jails - Jails,jails
jails,2018-19,jails__null__jail manufacturers,2056__0__102,110.24000000000001,152.13,180.88,201.92,level_3,jails__jail manufacturers,3,3,Jails - Jail Manufacturers,jail manufacturers
jails,2019-20,jails__null__jail manufacturers,2056__0__102,147.06,201.92,201.92,221.28,level_3,jails__jail manufacturers,3,3,Jails - Jail Manufacturers,jail manufacturers
jails,2020-21,jails__null__jail manufacturers,2056__0__102,112.67999999999999,221.28,221.28,178.8,level_3,jails__jail manufacturers,3,3,Jails - Jail Manufacturers,jail manufacturers
jails,2021-22,jails__null__jail manufacturers,2056__0__102,139.76,178.8,178.8,281.52,level_3,jails__jail manufacturers,3,3,Jails - Jail Manufacturers,jail manufacturers
jails,2018-19,jails__null__other expenditure,2056__0__800,79.49,92.61,120.49,123.24,level_3,jails__other expenditure,3,3,Jails - Other Expenditure,other expenditure
jails,2019-20,jails__null__other expenditure,2056__0__800,81.47,123.24,123.24,162.17,level_3,jails__other expenditure,3,3,Jails - Other Expenditure,other expenditure
jails,2020-21,jails__null__other expenditure,2056__0__800,108.45,162.17,162.17,141.94,level_3,jails__other expenditure,3,3,Jails - Other Expenditure,other expenditure
jails,2021-22,jails__null__other expenditure,2056__0__800,113.25,141.94,141.94,129.68,level_3,jails__other expenditure,3,3,Jails - Other Expenditure,other expenditure
jails,2018-19,jails__null__direction and administration__head quarters establishment,2056__0__1__172,195.54000000000002,497.86,518.12,671.15,level_4,jails__direction and administration__head quarters establishment,4,4,Jails - Direction And Administration - Head Quarters Establishment,direction and administration
jails,2019-20,jails__null__direction and administration__head quarters establishment,2056__0__1__172,209.98999999999998,671.15,695.15,1024.16,level_4,jails__direction and administration__head quarters establishment,4,4,Jails - Direction And Administration - Head Quarters Establishment,direction and administration
jails,2020-21,jails__null__direction and administration__head quarters establishment,2056__0__1__172,401.95,1024.16,1064.16,387.58,level_4,jails__direction and administration__head quarters establishment,4,4,Jails - Direction And Administration - Head Quarters Establishment,direction and administration
jails,2021-22,jails__null__direction and administration__head quarters establishment,2056__0__1__172,266.86,387.58,419.89,377.24,level_4,jails__direction and administration__head quarters establishment,4,4,Jails - Direction And Administration - Head Quarters Establishment,direction and administration
jails,2018-19,jails__null__direction and administration__range,2056__0__1__1738,47.96,60.17,75.77,73.63,level_4,jails__direction and administration__range,4,4,Jails - Direction And Administration - Range,direction and administration
jails,2019-20,jails__null__direction and administration__range,2056__0__1__1738,55.37,73.63,73.63,77.49,level_4,jails__direction and administration__range,4,4,Jails - Direction And Administration - Range,direction and administration
jails,2020-21,jails__null__direction and administration__range,2056__0__1__1738,52.67,77.49,89.24,88.89,level_4,jails__direction and administration__range,4,4,Jails - Direction And Administration - Range,direction and administration
jails,2021-22,jails__null__direction and administration__range,2056__0__1__1738,77.03,88.89,88.89,82.56,level_4,jails__direction and administration__range,4,4,Jails - Direction And Administration - Range,direction and administration
jails,2018-19,jails__null__jails__district jails,2056__0__101__486,5942.61,6569.54,7383.14,8223.7,level_4,jails__jails__district jails,4,4,Jails - Jails - District Jails,district jails
jails,2019-20,jails__null__jails__district jails,2056__0__101__486,6173.7,8223.7,8223.7,8913.26,level_4,jails__jails__district jails,4,4,Jails - Jails - District Jails,district jails
jails,2020-21,jails__null__jails__district jails,2056__0__101__486,6487.18,8913.26,8990.26,7871.07,level_4,jails__jails__district jails,4,4,Jails - Jails - District Jails,district jails
jails,2021-22,jails__null__jails__district jails,2056__0__101__486,6996.8099999999995,7871.07,7903.09,7620.9800000000005,level_4,jails__jails__district jails,4,4,Jails - Jails - District Jails,district jails
jails,2018-19,jails__null__other expenditure__open air jails,2056__0__800__489,79.49,92.61,120.49,123.24,level_4,jails__other expenditure__open air jails,4,4,Jails - Other Expenditure - Open Air Jails,open-air jails
jails,2019-20,jails__null__other expenditure__open air jails,2056__0__800__489,81.47,123.24,123.24,162.17,level_4,jails__other expenditure__open air jails,4,4,Jails - Other Expenditure - Open Air Jails,open-air jails
jails,2020-21,jails__null__other expenditure__open air jails,2056__0__800__489,108.45,162.17,162.17,141.94,level_4,jails__other expenditure__open air jails,4,4,Jails - Other Expenditure - Open Air Jails,open-air jails
jails,2021-22,jails__null__other expenditure__open air jails,2056__0__800__489,113.25,141.94,141.94,129.68,level_4,jails__other expenditure__open air jails,4,4,Jails - Other Expenditure - Open Air Jails,open-air jails
jails,2018-19,jails__null__jails__changes for police custody,2056__0__101__487,355.32,309.5,309.5,460.4,level_4,jails__jails__changes for police custody,4,4,Jails - Jails - Changes For Police Custody,jails
jails,2019-20,jails__null__jails__changes for police custody,2056__0__101__487,308.77,460.4,823.9,825.2,level_4,jails__jails__changes for police custody,4,4,Jails - Jails - Changes For Police Custody,jails
jails,2020-21,jails__null__jails__changes for police custody,2056__0__101__487,812.82,825.2,825.2,769.63,level_4,jails__jails__changes for police custody,4,4,Jails - Jails - Changes For Police Custody,jails
jails,2021-22,jails__null__jails__changes for police custody,2056__0__101__487,502.15999999999997,769.63,769.63,289.63,level_4,jails__jails__changes for police custody,4,4,Jails - Jails - Changes For Police Custody,jails
jails,2018-19,capital outlay on public works__office buildings__construction - general pool accommodation__jails,4059__1__101__1484,0,656.34,656.34,1636.09,level_4,capital outlay on public works__office buildings__construction - general pool accommodation__jails,4,4,Capital Outlay On Public Works - Office Buildings - Construction - General Pool Accommodation - Jails,capital outlay
jails,2019-20,capital outlay on public works__office buildings__construction - general pool accommodation__jails,4059__1__101__1484,81.09,1636.09,1636.09,2021.14,level_4,capital outlay on public works__office buildings__construction - general pool accommodation__jails,4,4,Capital Outlay On Public Works - Office Buildings - Construction - General Pool Accommodation - Jails,capital outlay
jails,2020-21,capital outlay on public works__office buildings__construction - general pool accommodation__jails,4059__1__101__1484,658.39,2021.14,2021.14,1701.58,level_4,capital outlay on public works__office buildings__construction - general pool accommodation__jails,4,4,Capital Outlay On Public Works - Office Buildings - Construction - General Pool Accommodation - Jails,capital outlay
jails,2021-22,capital outlay on public works__office buildings__construction - general pool accommodation__jails,4059__1__101__1484,1624.15,1701.58,1701.58,0,level_4,capital outlay on public works__office buildings__construction - general pool accommodation__jails,4,4,Capital Outlay On Public Works - Office Buildings - Construction - General Pool Accommodation - Jails,capital outlay
jails,2018-19,capital outlay on public works__office buildings__construction - general pool accommodation__district jails,4059__1__101__486,0,60,60,93.11,level_4,capital outlay on public works__office buildings__construction - general pool accommodation__district jails,4,4,Capital Outlay On Public Works - Office Buildings - Construction - General Pool Accommodation - District Jails,capital outlay
jails,2019-20,capital outlay on public works__office buildings__construction - general pool accommodation__district jails,4059__1__101__486,35.77,93.11,93.11,100,level_4,capital outlay on public works__office buildings__construction - general pool accommodation__district jails,4,4,Capital Outlay On Public Works - Office Buildings - Construction - General Pool Accommodation - District Jails,capital outlay
jails,2020-21,capital outlay on public works__office buildings__construction - general pool accommodation__district jails,4059__1__101__486,66.83,100,100,59.85,level_4,capital outlay on public works__office buildings__construction - general pool accommodation__district jails,4,4,Capital Outlay On Public Works - Office Buildings - Construction - General Pool Accommodation - District Jails,capital outlay
jails,2021-22,capital outlay on public works__office buildings__construction - general pool accommodation__district jails,4059__1__101__486,84.63,59.85,59.85,0,level_4,capital outlay on public works__office buildings__construction - general pool accommodation__district jails,4,4,Capital Outlay On Public Works - Office Buildings - Construction - General Pool Accommodation - District Jails,capital outlay
jails,2018-19,jails__null__jails__district jails__movement of prisons,2056__0__101__486__600,36.69,51.23,79.83,67.9,level_5,jails__jails__district jails__movement of prisons,5,5,Jails - Jails - District Jails - Movement Of Prisons,district jails
jails,2019-20,jails__null__jails__district jails__movement of prisons,2056__0__101__486__600,59.09,67.9,67.9,69.75,level_5,jails__jails__district jails__movement of prisons,5,5,Jails - Jails - District Jails - Movement Of Prisons,district jails
jails,2020-21,jails__null__jails__district jails__movement of prisons,2056__0__101__486__600,48.76,69.75,74.25,80.96000000000001,level_5,jails__jails__district jails__movement of prisons,5,5,Jails - Jails - District Jails - Movement Of Prisons,district jails
jails,2021-22,jails__null__jails__district jails__movement of prisons,2056__0__101__486__600,67.89,80.96000000000001,81.98,74.43,level_5,jails__jails__district jails__movement of prisons,5,5,Jails - Jails - District Jails - Movement Of Prisons,district jails
jails,2018-19,jails__null__jails__changes for police custody__movement of prisons,2056__0__101__487__600,355.32,309.5,309.5,460.4,level_5,jails__jails__changes for police custody__movement of prisons,5,5,Jails - Jails - Changes For Police Custody - Movement Of Prisons,jails
jails,2019-20,jails__null__jails__changes for police custody__movement of prisons,2056__0__101__487__600,308.77,460.4,823.9,825.2,level_5,jails__jails__changes for police custody__movement of prisons,5,5,Jails - Jails - Changes For Police Custody - Movement Of Prisons,jails
jails,2020-21,jails__null__jails__changes for police custody__movement of prisons,2056__0__101__487__600,812.82,825.2,825.2,769.63,level_5,jails__jails__changes for police custody__movement of prisons,5,5,Jails - Jails - Changes For Police Custody - Movement Of Prisons,jails
jails,2021-22,jails__null__jails__changes for police custody__movement of prisons,2056__0__101__487__600,502.15999999999997,769.63,769.63,289.63,level_5,jails__jails__changes for police custody__movement of prisons,5,5,Jails - Jails - Changes For Police Custody - Movement Of Prisons,jails
jails,2018-19,capital outlay on public works__office buildings__construction - general pool accommodation__jails__modernisation of prison administration,4059__1__101__1484__485,0,32.53,32.53,38,level_5,capital outlay on public works__office buildings__construction - general pool accommodation__jails__modernisation of prison administration,5,5,Capital Outlay On Public Works - Office Buildings - Construction - General Pool Accommodation - Jails - Modernisation Of Prison Administration,capital outlay
jails,2019-20,capital outlay on public works__office buildings__construction - general pool accommodation__jails__modernisation of prison administration,4059__1__101__1484__485,16.56,38,38,21.14,level_5,capital outlay on public works__office buildings__construction - general pool accommodation__jails__modernisation of prison administration,5,5,Capital Outlay On Public Works - Office Buildings - Construction - General Pool Accommodation - Jails - Modernisation Of Prison Administration,capital outlay
jails,2020-21,capital outlay on public works__office buildings__construction - general pool accommodation__jails__modernisation of prison administration,4059__1__101__1484__485,0,21.14,21.14,10.08,level_5,capital outlay on public works__office buildings__construction - general pool accommodation__jails__modernisation of prison administration,5,5,Capital Outlay On Public Works - Office Buildings - Construction - General Pool Accommodation - Jails - Modernisation Of Prison Administration,capital outlay
jails,2021-22,capital outlay on public works__office buildings__construction - general pool accommodation__jails__modernisation of prison administration,4059__1__101__1484__485,10.54,10.08,10.08,0,level_5,capital outlay on public works__office buildings__construction - general pool accommodation__jails__modernisation of prison administration,5,5,Capital Outlay On Public Works - Office Buildings - Construction - General Pool Accommodation - Jails - Modernisation Of Prison Administration,capital outlay
jails,2018-19,capital outlay on public works__office buildings__construction - general pool accommodation__jails__genl. security related expenditure,4059__1__101__1484__486,0,128.81,128.81,217.15,level_5,capital outlay on public works__office buildings__construction - general pool accommodation__jails__genl. security related expenditure,5,5,Capital Outlay On Public Works - Office Buildings - Construction - General Pool Accommodation - Jails - Genl. Security Related Expenditure,capital outlay
jails,2019-20,capital outlay on public works__office buildings__construction - general pool accommodation__jails__genl. security related expenditure,4059__1__101__1484__486,0,217.15,217.15,200,level_5,capital outlay on public works__office buildings__construction - general pool accommodation__jails__genl. security related expenditure,5,5,Capital Outlay On Public Works - Office Buildings - Construction - General Pool Accommodation - Jails - Genl. Security Related Expenditure,capital outlay
jails,2020-21,capital outlay on public works__office buildings__construction - general pool accommodation__jails__genl. security related expenditure,4059__1__101__1484__486,142.68,200,200,141.28,level_5,capital outlay on public works__office buildings__construction - general pool accommodation__jails__genl. security related expenditure,5,5,Capital Outlay On Public Works - Office Buildings - Construction - General Pool Accommodation - Jails - Genl. Security Related Expenditure,capital outlay
jails,2021-22,capital outlay on public works__office buildings__construction - general pool accommodation__jails__genl. security related expenditure,4059__1__101__1484__486,102.59,141.28,141.28,0,level_5,capital outlay on public works__office buildings__construction - general pool accommodation__jails__genl. security related expenditure,5,5,Capital Outlay On Public Works - Office Buildings - Construction - General Pool Accommodation - Jails - Genl. Security Related Expenditure,capital outlay
jails,2018-19,"capital outlay on public works__office buildings__construction - general pool accommodation__jails__works (construction of 11 numbers of staff quarters & expenses on construction of prisoners barrack, kitchen, dining room, latrine, master drain, etc.)",4059__1__101__1484__770,0,495,495,1380.94,level_5,"capital outlay on public works__office buildings__construction - general pool accommodation__jails__works (construction of 11 numbers of staff quarters & expenses on construction of prisoners barrack, kitchen, dining room, latrine, master drain, etc.)",5,5,"Capital Outlay On Public Works - Office Buildings - Construction - General Pool Accommodation - Jails - Works (Construction Of 11 Numbers Of Staff Quarters & Expenses On Construction Of Prisoners Barrack, Kitchen, Dining Room, Latrine, Master Drain, Etc.)",capital outlay
jails,2019-20,"capital outlay on public works__office buildings__construction - general pool accommodation__jails__works (construction of 11 numbers of staff quarters & expenses on construction of prisoners barrack, kitchen, dining room, latrine, master drain, etc.)",4059__1__101__1484__770,64.53,1380.94,1380.94,1800,level_5,"capital outlay on public works__office buildings__construction - general pool accommodation__jails__works (construction of 11 numbers of staff quarters & expenses on construction of prisoners barrack, kitchen, dining room, latrine, master drain, etc.)",5,5,"Capital Outlay On Public Works - Office Buildings - Construction - General Pool Accommodation - Jails - Works (Construction Of 11 Numbers Of Staff Quarters & Expenses On Construction Of Prisoners Barrack, Kitchen, Dining Room, Latrine, Master Drain, Etc.)",capital outlay
jails,2020-21,"capital outlay on public works__office buildings__construction - general pool accommodation__jails__works (construction of 11 numbers of staff quarters & expenses on construction of prisoners barrack, kitchen, dining room, latrine, master drain, etc.)",4059__1__101__1484__770,515.71,1800,1800,1550.22,level_5,"capital outlay on public works__office buildings__construction - general pool accommodation__jails__works (construction of 11 numbers of staff quarters & expenses on construction of prisoners barrack, kitchen, dining room, latrine, master drain, etc.)",5,5,"Capital Outlay On Public Works - Office Buildings - Construction - General Pool Accommodation - Jails - Works (Construction Of 11 Numbers Of Staff Quarters & Expenses On Construction Of Prisoners Barrack, Kitchen, Dining Room, Latrine, Master Drain, Etc.)",capital outlay
jails,2021-22,"capital outlay on public works__office buildings__construction - general pool accommodation__jails__works (construction of 11 numbers of staff quarters & expenses on construction of prisoners barrack, kitchen, dining room, latrine, master drain, etc.)",4059__1__101__1484__770,1511.02,1550.22,1550.22,0,level_5,"capital outlay on public works__office buildings__construction - general pool accommodation__jails__works (construction of 11 numbers of staff quarters & expenses on construction of prisoners barrack, kitchen, dining room, latrine, master drain, etc.)",5,5,"Capital Outlay On Public Works - Office Buildings - Construction - General Pool Accommodation - Jails - Works (Construction Of 11 Numbers Of Staff Quarters & Expenses On Construction Of Prisoners Barrack, Kitchen, Dining Room, Latrine, Master Drain, Etc.)",capital outlay
jails,2018-19,jails__null__direction and administration__head quarters establishment__null__salaries,2056__0__1__172__0__1,158.77,190.95,211.21,210.67,level_6,jails__direction and administration__head quarters establishment__salaries,6,6,Jails - Direction And Administration - Head Quarters Establishment - Salaries,direction and administration
jails,2019-20,jails__null__direction and administration__head quarters establishment__null__salaries,2056__0__1__172__0__1,172.7,210.67,210.67,229.48,level_6,jails__direction and administration__head quarters establishment__salaries,6,6,Jails - Direction And Administration - Head Quarters Establishment - Salaries,direction and administration
jails,2020-21,jails__null__direction and administration__head quarters establishment__null__salaries,2056__0__1__172__0__1,183.59,229.48,229.48,222.46,level_6,jails__direction and administration__head quarters establishment__salaries,6,6,Jails - Direction And Administration - Head Quarters Establishment - Salaries,direction and administration
jails,2021-22,jails__null__direction and administration__head quarters establishment__null__salaries,2056__0__1__172__0__1,197.4,222.46,222.46,219.03,level_6,jails__direction and administration__head quarters establishment__salaries,6,6,Jails - Direction And Administration - Head Quarters Establishment - Salaries,direction and administration
jails,2018-19,jails__null__direction and administration__head quarters establishment__null__travel expenses,2056__0__1__172__0__3,0.5,3.85,3.85,4.24,level_6,jails__direction and administration__head quarters establishment__travel expenses,6,6,Jails - Direction And Administration - Head Quarters Establishment - Travel Expenses,direction and administration
jails,2019-20,jails__null__direction and administration__head quarters establishment__null__travel expenses,2056__0__1__172__0__3,0.4,4.24,4.24,4.24,level_6,jails__direction and administration__head quarters establishment__travel expenses,6,6,Jails - Direction And Administration - Head Quarters Establishment - Travel Expenses,direction and administration
jails,2020-21,jails__null__direction and administration__head quarters establishment__null__travel expenses,2056__0__1__172__0__3,1.16,4.24,4.24,3.94,level_6,jails__direction and administration__head quarters establishment__travel expenses,6,6,Jails - Direction And Administration - Head Quarters Establishment - Travel Expenses,direction and administration
jails,2021-22,jails__null__direction and administration__head quarters establishment__null__travel expenses,2056__0__1__172__0__3,2.49,3.94,3.94,3.55,level_6,jails__direction and administration__head quarters establishment__travel expenses,6,6,Jails - Direction And Administration - Head Quarters Establishment - Travel Expenses,direction and administration
jails,2018-19,jails__null__direction and administration__head quarters establishment__null__payment for professional and special services,2056__0__1__172__0__5,0,2.4,2.4,22.6,level_6,jails__direction and administration__head quarters establishment__payment for professional and special services,6,6,Jails - Direction And Administration - Head Quarters Establishment - Payment For Professional And Special Services,direction and administration
jails,2019-20,jails__null__direction and administration__head quarters establishment__null__payment for professional and special services,2056__0__1__172__0__5,0,22.6,22.6,20,level_6,jails__direction and administration__head quarters establishment__payment for professional and special services,6,6,Jails - Direction And Administration - Head Quarters Establishment - Payment For Professional And Special Services,direction and administration
jails,2020-21,jails__null__direction and administration__head quarters establishment__null__payment for professional and special services,2056__0__1__172__0__5,0,20,20,0.01,level_6,jails__direction and administration__head quarters establishment__payment for professional and special services,6,6,Jails - Direction And Administration - Head Quarters Establishment - Payment For Professional And Special Services,direction and administration
jails,2021-22,jails__null__direction and administration__head quarters establishment__null__payment for professional and special services,2056__0__1__172__0__5,6,0.01,0.01,4.51,level_6,jails__direction and administration__head quarters establishment__payment for professional and special services,6,6,Jails - Direction And Administration - Head Quarters Establishment - Payment For Professional And Special Services,direction and administration
jails,2018-19,jails__null__direction and administration__range__null__salaries,2056__0__1__1738__0__1,44.25,51.17,66.77,64.63,level_6,jails__direction and administration__range__salaries,6,6,Jails - Direction And Administration - Range - Salaries,direction and administration
jails,2019-20,jails__null__direction and administration__range__null__salaries,2056__0__1__1738__0__1,54.57,64.63,64.63,68.49,level_6,jails__direction and administration__range__salaries,6,6,Jails - Direction And Administration - Range - Salaries,direction and administration
jails,2020-21,jails__null__direction and administration__range__null__salaries,2056__0__1__1738__0__1,51.5,68.49,80.24,80.9,level_6,jails__direction and administration__range__salaries,6,6,Jails - Direction And Administration - Range - Salaries,direction and administration
jails,2021-22,jails__null__direction and administration__range__null__salaries,2056__0__1__1738__0__1,75.31,80.9,80.9,75.47,level_6,jails__direction and administration__range__salaries,6,6,Jails - Direction And Administration - Range - Salaries,direction and administration
jails,2018-19,jails__null__direction and administration__range__null__travel expenses,2056__0__1__1738__0__3,0.47,1,1,1,level_6,jails__direction and administration__range__travel expenses,6,6,Jails - Direction And Administration - Range - Travel Expenses,direction and administration
jails,2019-20,jails__null__direction and administration__range__null__travel expenses,2056__0__1__1738__0__3,0.35,1,1,1,level_6,jails__direction and administration__range__travel expenses,6,6,Jails - Direction And Administration - Range - Travel Expenses,direction and administration
jails,2020-21,jails__null__direction and administration__range__null__travel expenses,2056__0__1__1738__0__3,0.86,1,1,0.93,level_6,jails__direction and administration__range__travel expenses,6,6,Jails - Direction And Administration - Range - Travel Expenses,direction and administration
jails,2021-22,jails__null__direction and administration__range__null__travel expenses,2056__0__1__1738__0__3,0.97,0.93,0.93,0.45,level_6,jails__direction and administration__range__travel expenses,6,6,Jails - Direction And Administration - Range - Travel Expenses,direction and administration
jails,2018-19,jails__null__jails__district jails__null__salaries,2056__0__101__486__0__1,3036.69,3588.57,4373.57,4549.47,level_6,jails__jails__district jails__salaries,6,6,Jails - Jails - District Jails - Salaries,district jails
jails,2019-20,jails__null__jails__district jails__null__salaries,2056__0__101__486__0__1,3663.1600000000003,4549.47,4549.47,4900.89,level_6,jails__jails__district jails__salaries,6,6,Jails - Jails - District Jails - Salaries,district jails
jails,2020-21,jails__null__jails__district jails__null__salaries,2056__0__101__486__0__1,3869.98,4900.89,4900.89,4462.41,level_6,jails__jails__district jails__salaries,6,6,Jails - Jails - District Jails - Salaries,district jails
jails,2021-22,jails__null__jails__district jails__null__salaries,2056__0__101__486__0__1,3986.41,4462.41,4462.41,4448.410000000001,level_6,jails__jails__district jails__salaries,6,6,Jails - Jails - District Jails - Salaries,district jails
jails,2018-19,jails__null__jails__district jails__null__travel expenses,2056__0__101__486__0__3,30.69,45,45,49.5,level_6,jails__jails__district jails__travel expenses,6,6,Jails - Jails - District Jails - Travel Expenses,district jails
jails,2019-20,jails__null__jails__district jails__null__travel expenses,2056__0__101__486__0__3,17.34,49.5,49.5,49.41,level_6,jails__jails__district jails__travel expenses,6,6,Jails - Jails - District Jails - Travel Expenses,district jails
jails,2020-21,jails__null__jails__district jails__null__travel expenses,2056__0__101__486__0__3,44.03,49.41,49.41,45.95,level_6,jails__jails__district jails__travel expenses,6,6,Jails - Jails - District Jails - Travel Expenses,district jails
jails,2021-22,jails__null__jails__district jails__null__travel expenses,2056__0__101__486__0__3,38,45.95,45.95,23.85,level_6,jails__jails__district jails__travel expenses,6,6,Jails - Jails - District Jails - Travel Expenses,district jails
jails,2018-19,jails__null__jails__district jails__null__minor works,2056__0__101__486__0__14,24.45,17.55,17.55,23.2,level_6,jails__jails__district jails__minor works,6,6,Jails - Jails - District Jails - Minor Works,district jails
jails,2019-20,jails__null__jails__district jails__null__minor works,2056__0__101__486__0__14,15.239999999999998,23.2,23.2,61,level_6,jails__jails__district jails__minor works,6,6,Jails - Jails - District Jails - Minor Works,district jails
jails,2020-21,jails__null__jails__district jails__null__minor works,2056__0__101__486__0__14,9.74,61,81,68.82000000000001,level_6,jails__jails__district jails__minor works,6,6,Jails - Jails - District Jails - Minor Works,district jails
jails,2021-22,jails__null__jails__district jails__null__minor works,2056__0__101__486__0__14,23.47,68.82000000000001,68.82000000000001,54,level_6,jails__jails__district jails__minor works,6,6,Jails - Jails - District Jails - Minor Works,district jails
jails,2018-19,jails__null__jails__district jails__null__purchase of motor vehicles,2056__0__101__486__0__16,0,5.5,5.5,0.02,level_6,jails__jails__district jails__purchase of motor vehicles,6,6,Jails - Jails - District Jails - Purchase Of Motor Vehicles,district jails
jails,2019-20,jails__null__jails__district jails__null__purchase of motor vehicles,2056__0__101__486__0__16,3.42,0.02,0.02,19.21,level_6,jails__jails__district jails__purchase of motor vehicles,6,6,Jails - Jails - District Jails - Purchase Of Motor Vehicles,district jails
jails,2020-21,jails__null__jails__district jails__null__purchase of motor vehicles,2056__0__101__486__0__16,0,19.21,29.71,0.02,level_6,jails__jails__district jails__purchase of motor vehicles,6,6,Jails - Jails - District Jails - Purchase Of Motor Vehicles,district jails
jails,2021-22,jails__null__jails__district jails__null__purchase of motor vehicles,2056__0__101__486__0__16,21.21,0.02,16.020000000000003,0.01,level_6,jails__jails__district jails__purchase of motor vehicles,6,6,Jails - Jails - District Jails - Purchase Of Motor Vehicles,district jails
jails,2018-19,jails__null__jails__district jails__null__materials & supplies,2056__0__101__486__0__19,2034.62,1792.48,1792.48,1915.52,level_6,jails__jails__district jails__materials & supplies,6,6,Jails - Jails - District Jails - Materials & Supplies,district jails
jails,2019-20,jails__null__jails__district jails__null__materials & supplies,2056__0__101__486__0__19,1736.48,1915.52,1915.52,2069.8,level_6,jails__jails__district jails__materials & supplies,6,6,Jails - Jails - District Jails - Materials & Supplies,district jails
jails,2020-21,jails__null__jails__district jails__null__materials & supplies,2056__0__101__486__0__19,1693.74,2069.8,2069.8,1816.29,level_6,jails__jails__district jails__materials & supplies,6,6,Jails - Jails - District Jails - Materials & Supplies,district jails
jails,2021-22,jails__null__jails__district jails__null__materials & supplies,2056__0__101__486__0__19,1957.13,1816.29,1816.29,1655.5700000000002,level_6,jails__jails__district jails__materials & supplies,6,6,Jails - Jails - District Jails - Materials & Supplies,district jails
jails,2018-19,jails__null__jail manufacturers__null__null__salaries,2056__0__102__0__0__1,75.39,84.03,112.78,102.62,level_6,jails__jail manufacturers__salaries,6,6,Jails - Jail Manufacturers - Salaries,jail manufacturers
jails,2019-20,jails__null__jail manufacturers__null__null__salaries,2056__0__102__0__0__1,89.68,102.62,102.62,108.28,level_6,jails__jail manufacturers__salaries,6,6,Jails - Jail Manufacturers - Salaries,jail manufacturers
jails,2020-21,jails__null__jail manufacturers__null__null__salaries,2056__0__102__0__0__1,78.5,108.28,108.28,98.26,level_6,jails__jail manufacturers__salaries,6,6,Jails - Jail Manufacturers - Salaries,jail manufacturers
jails,2021-22,jails__null__jail manufacturers__null__null__salaries,2056__0__102__0__0__1,85.7,98.26,98.26,94.38000000000001,level_6,jails__jail manufacturers__salaries,6,6,Jails - Jail Manufacturers - Salaries,jail manufacturers
jails,2018-19,jails__null__other expenditure__open air jails__null__salaries,2056__0__800__489__0__1,62.6,68.95,93.35,89.69,level_6,jails__other expenditure__open air jails__salaries,6,6,Jails - Other Expenditure - Open Air Jails - Salaries,open-air jails
jails,2019-20,jails__null__other expenditure__open air jails__null__salaries,2056__0__800__489__0__1,63.18,89.69,89.69,97.39999999999999,level_6,jails__other expenditure__open air jails__salaries,6,6,Jails - Other Expenditure - Open Air Jails - Salaries,open-air jails
jails,2020-21,jails__null__other expenditure__open air jails__null__salaries,2056__0__800__489__0__1,88.95,97.39999999999999,97.39999999999999,92.81,level_6,jails__other expenditure__open air jails__salaries,6,6,Jails - Other Expenditure - Open Air Jails - Salaries,open-air jails
jails,2021-22,jails__null__other expenditure__open air jails__null__salaries,2056__0__800__489__0__1,83.89,92.81,92.81,94.17,level_6,jails__other expenditure__open air jails__salaries,6,6,Jails - Other Expenditure - Open Air Jails - Salaries,open-air jails
jails,2018-19,jails__null__other expenditure__open air jails__null__travel expenses,2056__0__800__489__0__3,0.59,0.7,0.7,0.7,level_6,jails__other expenditure__open air jails__travel expenses,6,6,Jails - Other Expenditure - Open Air Jails - Travel Expenses,open-air jails
jails,2019-20,jails__null__other expenditure__open air jails__null__travel expenses,2056__0__800__489__0__3,0.18,0.7,0.7,0.7,level_6,jails__other expenditure__open air jails__travel expenses,6,6,Jails - Other Expenditure - Open Air Jails - Travel Expenses,open-air jails
jails,2020-21,jails__null__other expenditure__open air jails__null__travel expenses,2056__0__800__489__0__3,0.7,0.7,0.7,0.65,level_6,jails__other expenditure__open air jails__travel expenses,6,6,Jails - Other Expenditure - Open Air Jails - Travel Expenses,open-air jails
jails,2021-22,jails__null__other expenditure__open air jails__null__travel expenses,2056__0__800__489__0__3,0.7,0.65,0.65,0.45,level_6,jails__other expenditure__open air jails__travel expenses,6,6,Jails - Other Expenditure - Open Air Jails - Travel Expenses,open-air jails
jails,2018-19,jails__null__direction and administration__head quarters establishment__null__purchase of motor vehicles,2056__0__1__172__0__16,0,2,2,9,level_6,jails__direction and administration__head quarters establishment__purchase of motor vehicles,6,6,Jails - Direction And Administration - Head Quarters Establishment - Purchase Of Motor Vehicles,direction and administration
jails,2019-20,jails__null__direction and administration__head quarters establishment__null__purchase of motor vehicles,2056__0__1__172__0__16,0.37,9,9,10,level_6,jails__direction and administration__head quarters establishment__purchase of motor vehicles,6,6,Jails - Direction And Administration - Head Quarters Establishment - Purchase Of Motor Vehicles,direction and administration
jails,2020-21,jails__null__direction and administration__head quarters establishment__null__purchase of motor vehicles,2056__0__1__172__0__16,0,10,10,0.01,level_6,jails__direction and administration__head quarters establishment__purchase of motor vehicles,6,6,Jails - Direction And Administration - Head Quarters Establishment - Purchase Of Motor Vehicles,direction and administration
jails,2021-22,jails__null__direction and administration__head quarters establishment__null__purchase of motor vehicles,2056__0__1__172__0__16,8.71,0.01,0.01,0,level_6,jails__direction and administration__head quarters establishment__purchase of motor vehicles,6,6,Jails - Direction And Administration - Head Quarters Establishment - Purchase Of Motor Vehicles,direction and administration
jails,2018-19,jails__null__direction and administration__head quarters establishment__null__maintenance,2056__0__1__172__0__17,25.54,30,30,33,level_6,jails__direction and administration__head quarters establishment__maintenance,6,6,Jails - Direction And Administration - Head Quarters Establishment - Maintenance,direction and administration
jails,2019-20,jails__null__direction and administration__head quarters establishment__null__maintenance,2056__0__1__172__0__17,10.95,33,33,50.09,level_6,jails__direction and administration__head quarters establishment__maintenance,6,6,Jails - Direction And Administration - Head Quarters Establishment - Maintenance,direction and administration
jails,2020-21,jails__null__direction and administration__head quarters establishment__null__maintenance,2056__0__1__172__0__17,31.5,50.09,50.09,9.3,level_6,jails__direction and administration__head quarters establishment__maintenance,6,6,Jails - Direction And Administration - Head Quarters Establishment - Maintenance,direction and administration
jails,2021-22,jails__null__direction and administration__head quarters establishment__null__maintenance,2056__0__1__172__0__17,6.64,9.3,11.47,9.9,level_6,jails__direction and administration__head quarters establishment__maintenance,6,6,Jails - Direction And Administration - Head Quarters Establishment - Maintenance,direction and administration
jails,2018-19,jails__null__direction and administration__range__null__office expenses,2056__0__1__1738__0__4,3.24,8,8,8,level_6,jails__direction and administration__range__office expenses,6,6,Jails - Direction And Administration - Range - Office Expenses,direction and administration
jails,2019-20,jails__null__direction and administration__range__null__office expenses,2056__0__1__1738__0__4,0.45,8,8,8,level_6,jails__direction and administration__range__office expenses,6,6,Jails - Direction And Administration - Range - Office Expenses,direction and administration
jails,2020-21,jails__null__direction and administration__range__null__office expenses,2056__0__1__1738__0__4,0.31,8,8,7.04,level_6,jails__direction and administration__range__office expenses,6,6,Jails - Direction And Administration - Range - Office Expenses,direction and administration
jails,2021-22,jails__null__direction and administration__range__null__office expenses,2056__0__1__1738__0__4,0.75,7.04,7.04,6.64,level_6,jails__direction and administration__range__office expenses,6,6,Jails - Direction And Administration - Range - Office Expenses,direction and administration
jails,2018-19,jails__null__jails__district jails__null__office expenses,2056__0__101__486__0__4,289.4,406,406,529.55,level_6,jails__jails__district jails__office expenses,6,6,Jails - Jails - District Jails - Office Expenses,district jails
jails,2019-20,jails__null__jails__district jails__null__office expenses,2056__0__101__486__0__4,192.39000000000001,529.55,529.55,545.16,level_6,jails__jails__district jails__office expenses,6,6,Jails - Jails - District Jails - Office Expenses,district jails
jails,2020-21,jails__null__jails__district jails__null__office expenses,2056__0__101__486__0__4,281.13,545.16,555.66,421,level_6,jails__jails__district jails__office expenses,6,6,Jails - Jails - District Jails - Office Expenses,district jails
jails,2021-22,jails__null__jails__district jails__null__office expenses,2056__0__101__486__0__4,294.98,421,421,253.7,level_6,jails__jails__district jails__office expenses,6,6,Jails - Jails - District Jails - Office Expenses,district jails
jails,2018-19,"jails__null__jails__district jails__null__rents, rates & taxes / royalty",2056__0__101__486__0__6,4.19,5.2,5.2,5.2,level_6,"jails__jails__district jails__rents, rates & taxes / royalty",6,6,"Jails - Jails - District Jails - Rents, Rates & Taxes / Royalty",district jails
jails,2019-20,"jails__null__jails__district jails__null__rents, rates & taxes / royalty",2056__0__101__486__0__6,0,5.2,5.2,5.2,level_6,"jails__jails__district jails__rents, rates & taxes / royalty",6,6,"Jails - Jails - District Jails - Rents, Rates & Taxes / Royalty",district jails
jails,2020-21,"jails__null__jails__district jails__null__rents, rates & taxes / royalty",2056__0__101__486__0__6,0,5.2,5.2,4.840000000000001,level_6,"jails__jails__district jails__rents, rates & taxes / royalty",6,6,"Jails - Jails - District Jails - Rents, Rates & Taxes / Royalty",district jails
jails,2021-22,"jails__null__jails__district jails__null__rents, rates & taxes / royalty",2056__0__101__486__0__6,3.91,4.840000000000001,4.840000000000001,4.36,level_6,"jails__jails__district jails__rents, rates & taxes / royalty",6,6,"Jails - Jails - District Jails - Rents, Rates & Taxes / Royalty",district jails
jails,2018-19,jails__null__jails__district jails__null__machinery and equipment / tools & plants,2056__0__101__486__0__15,0,65,65,400,level_6,jails__jails__district jails__machinery and equipment / tools & plants,6,6,Jails - Jails - District Jails - Machinery And Equipment / Tools & Plants,district jails
jails,2019-20,jails__null__jails__district jails__null__machinery and equipment / tools & plants,2056__0__101__486__0__15,0,400,400,400,level_6,jails__jails__district jails__machinery and equipment / tools & plants,6,6,Jails - Jails - District Jails - Machinery And Equipment / Tools & Plants,district jails
jails,2020-21,jails__null__jails__district jails__null__machinery and equipment / tools & plants,2056__0__101__486__0__15,0,400,400,372,level_6,jails__jails__district jails__machinery and equipment / tools & plants,6,6,Jails - Jails - District Jails - Machinery And Equipment / Tools & Plants,district jails
jails,2021-22,jails__null__jails__district jails__null__machinery and equipment / tools & plants,2056__0__101__486__0__15,76.08,372,372,334.8,level_6,jails__jails__district jails__machinery and equipment / tools & plants,6,6,Jails - Jails - District Jails - Machinery And Equipment / Tools & Plants,district jails
jails,2018-19,jails__null__other expenditure__open air jails__null__office expenses,2056__0__800__489__0__4,3.84,4.3,4.3,4.45,level_6,jails__other expenditure__open air jails__office expenses,6,6,Jails - Other Expenditure - Open Air Jails - Office Expenses,open-air jails
jails,2019-20,jails__null__other expenditure__open air jails__null__office expenses,2056__0__800__489__0__4,1.01,4.45,4.45,4.45,level_6,jails__other expenditure__open air jails__office expenses,6,6,Jails - Other Expenditure - Open Air Jails - Office Expenses,open-air jails
jails,2020-21,jails__null__other expenditure__open air jails__null__office expenses,2056__0__800__489__0__4,1.09,4.45,4.45,4.16,level_6,jails__other expenditure__open air jails__office expenses,6,6,Jails - Other Expenditure - Open Air Jails - Office Expenses,open-air jails
jails,2021-22,jails__null__other expenditure__open air jails__null__office expenses,2056__0__800__489__0__4,1.3,4.16,4.16,3.7399999999999998,level_6,jails__other expenditure__open air jails__office expenses,6,6,Jails - Other Expenditure - Open Air Jails - Office Expenses,open-air jails
jails,2018-19,jails__null__other expenditure__open air jails__null__minor works,2056__0__800__489__0__14,1.74,3.5,3.5,10,level_6,jails__other expenditure__open air jails__minor works,6,6,Jails - Other Expenditure - Open Air Jails - Minor Works,open-air jails
jails,2019-20,jails__null__other expenditure__open air jails__null__minor works,2056__0__800__489__0__14,1.64,10,10,25,level_6,jails__other expenditure__open air jails__minor works,6,6,Jails - Other Expenditure - Open Air Jails - Minor Works,open-air jails
jails,2020-21,jails__null__other expenditure__open air jails__null__minor works,2056__0__800__489__0__14,6.5,25,25,23.25,level_6,jails__other expenditure__open air jails__minor works,6,6,Jails - Other Expenditure - Open Air Jails - Minor Works,open-air jails
jails,2021-22,jails__null__other expenditure__open air jails__null__minor works,2056__0__800__489__0__14,14.99,23.25,23.25,9,level_6,jails__other expenditure__open air jails__minor works,6,6,Jails - Other Expenditure - Open Air Jails - Minor Works,open-air jails
jails,2018-19,jails__null__direction and administration__head quarters establishment__null__office expenses,2056__0__1__172__0__4,9.95,106.88,106.88,30.86,level_6,jails__direction and administration__head quarters establishment__office expenses,6,6,Jails - Direction And Administration - Head Quarters Establishment - Office Expenses,direction and administration
jails,2019-20,jails__null__direction and administration__head quarters establishment__null__office expenses,2056__0__1__172__0__4,9.35,30.86,30.86,28.93,level_6,jails__direction and administration__head quarters establishment__office expenses,6,6,Jails - Direction And Administration - Head Quarters Establishment - Office Expenses,direction and administration
jails,2020-21,jails__null__direction and administration__head quarters establishment__null__office expenses,2056__0__1__172__0__4,12.08,28.93,68.93,30.09,level_6,jails__direction and administration__head quarters establishment__office expenses,6,6,Jails - Direction And Administration - Head Quarters Establishment - Office Expenses,direction and administration
jails,2021-22,jails__null__direction and administration__head quarters establishment__null__office expenses,2056__0__1__172__0__4,11.12,30.09,32.45,24.13,level_6,jails__direction and administration__head quarters establishment__office expenses,6,6,Jails - Direction And Administration - Head Quarters Establishment - Office Expenses,direction and administration
jails,2018-19,jails__null__jails__district jails__null__maintenance,2056__0__101__486__0__17,29.34,63,63,105,level_6,jails__jails__district jails__maintenance,6,6,Jails - Jails - District Jails - Maintenance,district jails
jails,2019-20,jails__null__jails__district jails__null__maintenance,2056__0__101__486__0__17,31.78,105,105,125,level_6,jails__jails__district jails__maintenance,6,6,Jails - Jails - District Jails - Maintenance,district jails
jails,2020-21,jails__null__jails__district jails__null__maintenance,2056__0__101__486__0__17,98.56,125,156.5,55.8,level_6,jails__jails__district jails__maintenance,6,6,Jails - Jails - District Jails - Maintenance,district jails
jails,2021-22,jails__null__jails__district jails__null__maintenance,2056__0__101__486__0__17,117.19,55.8,55.8,99,level_6,jails__jails__district jails__maintenance,6,6,Jails - Jails - District Jails - Maintenance,district jails
jails,2018-19,jails__null__jail manufacturers__null__null__travel expenses,2056__0__102__0__0__3,0,0.4,0.4,0.4,level_6,jails__jail manufacturers__travel expenses,6,6,Jails - Jail Manufacturers - Travel Expenses,jail manufacturers
jails,2019-20,jails__null__jail manufacturers__null__null__travel expenses,2056__0__102__0__0__3,0,0.4,0.4,0.4,level_6,jails__jail manufacturers__travel expenses,6,6,Jails - Jail Manufacturers - Travel Expenses,jail manufacturers
jails,2020-21,jails__null__jail manufacturers__null__null__travel expenses,2056__0__102__0__0__3,0,0.4,0.4,0.37,level_6,jails__jail manufacturers__travel expenses,6,6,Jails - Jail Manufacturers - Travel Expenses,jail manufacturers
jails,2021-22,jails__null__jail manufacturers__null__null__travel expenses,2056__0__102__0__0__3,0,0.37,0.37,0.01,level_6,jails__jail manufacturers__travel expenses,6,6,Jails - Jail Manufacturers - Travel Expenses,jail manufacturers
jails,2018-19,jails__null__jail manufacturers__null__null__office expenses,2056__0__102__0__0__4,0,0.7,0.7,0.7,level_6,jails__jail manufacturers__office expenses,6,6,Jails - Jail Manufacturers - Office Expenses,jail manufacturers
jails,2019-20,jails__null__jail manufacturers__null__null__office expenses,2056__0__102__0__0__4,0,0.7,0.7,0.7,level_6,jails__jail manufacturers__office expenses,6,6,Jails - Jail Manufacturers - Office Expenses,jail manufacturers
jails,2020-21,jails__null__jail manufacturers__null__null__office expenses,2056__0__102__0__0__4,0,0.7,0.7,0.65,level_6,jails__jail manufacturers__office expenses,6,6,Jails - Jail Manufacturers - Office Expenses,jail manufacturers
jails,2021-22,jails__null__jail manufacturers__null__null__office expenses,2056__0__102__0__0__4,0,0.65,0.65,0.01,level_6,jails__jail manufacturers__office expenses,6,6,Jails - Jail Manufacturers - Office Expenses,jail manufacturers
jails,2018-19,jails__null__jail manufacturers__null__null__maintenance,2056__0__102__0__0__17,0,5,5,30,level_6,jails__jail manufacturers__maintenance,6,6,Jails - Jail Manufacturers - Maintenance,jail manufacturers
jails,2019-20,jails__null__jail manufacturers__null__null__maintenance,2056__0__102__0__0__17,4.95,30,30,33,level_6,jails__jail manufacturers__maintenance,6,6,Jails - Jail Manufacturers - Maintenance,jail manufacturers
jails,2020-21,jails__null__jail manufacturers__null__null__maintenance,2056__0__102__0__0__17,2.9,33,33,30.69,level_6,jails__jail manufacturers__maintenance,6,6,Jails - Jail Manufacturers - Maintenance,jail manufacturers
jails,2021-22,jails__null__jail manufacturers__null__null__maintenance,2056__0__102__0__0__17,6.99,30.69,30.69,27,level_6,jails__jail manufacturers__maintenance,6,6,Jails - Jail Manufacturers - Maintenance,jail manufacturers
jails,2018-19,jails__null__other expenditure__open air jails__null__maintenance,2056__0__800__489__0__17,1.99,2,2,2.2,level_6,jails__other expenditure__open air jails__maintenance,6,6,Jails - Other Expenditure - Open Air Jails - Maintenance,open-air jails
jails,2019-20,jails__null__other expenditure__open air jails__null__maintenance,2056__0__800__489__0__17,0,2.2,2.2,2.42,level_6,jails__other expenditure__open air jails__maintenance,6,6,Jails - Other Expenditure - Open Air Jails - Maintenance,open-air jails
jails,2020-21,jails__null__other expenditure__open air jails__null__maintenance,2056__0__800__489__0__17,2.18,2.42,2.42,2.25,level_6,jails__other expenditure__open air jails__maintenance,6,6,Jails - Other Expenditure - Open Air Jails - Maintenance,open-air jails
jails,2021-22,jails__null__other expenditure__open air jails__null__maintenance,2056__0__800__489__0__17,2.42,2.25,2.25,3.31,level_6,jails__other expenditure__open air jails__maintenance,6,6,Jails - Other Expenditure - Open Air Jails - Maintenance,open-air jails
jails,2018-19,jails__null__jails__district jails__movement of prisons__salaries,2056__0__101__486__600__1,36.69,17.98,26.58,25.9,level_6,jails__jails__district jails__movement of prisons__salaries,6,6,Jails - Jails - District Jails - Movement Of Prisons - Salaries,district jails
jails,2019-20,jails__null__jails__district jails__movement of prisons__salaries,2056__0__101__486__600__1,20.65,25.9,25.9,29.84,level_6,jails__jails__district jails__movement of prisons__salaries,6,6,Jails - Jails - District Jails - Movement Of Prisons - Salaries,district jails
jails,2020-21,jails__null__jails__district jails__movement of prisons__salaries,2056__0__101__486__600__1,26.55,29.84,29.84,33.45,level_6,jails__jails__district jails__movement of prisons__salaries,6,6,Jails - Jails - District Jails - Movement Of Prisons - Salaries,district jails
jails,2021-22,jails__null__jails__district jails__movement of prisons__salaries,2056__0__101__486__600__1,29.08,33.45,33.45,34.86,level_6,jails__jails__district jails__movement of prisons__salaries,6,6,Jails - Jails - District Jails - Movement Of Prisons - Salaries,district jails
jails,2018-19,jails__null__jails__district jails__movement of prisons__travel expenses,2056__0__101__486__600__3,0,0.95,0.95,1.04,level_6,jails__jails__district jails__movement of prisons__travel expenses,6,6,Jails - Jails - District Jails - Movement Of Prisons - Travel Expenses,district jails
jails,2019-20,jails__null__jails__district jails__movement of prisons__travel expenses,2056__0__101__486__600__3,0.52,1.04,1.04,1.04,level_6,jails__jails__district jails__movement of prisons__travel expenses,6,6,Jails - Jails - District Jails - Movement Of Prisons - Travel Expenses,district jails
jails,2020-21,jails__null__jails__district jails__movement of prisons__travel expenses,2056__0__101__486__600__3,0.46,1.04,1.04,0.97,level_6,jails__jails__district jails__movement of prisons__travel expenses,6,6,Jails - Jails - District Jails - Movement Of Prisons - Travel Expenses,district jails
jails,2021-22,jails__null__jails__district jails__movement of prisons__travel expenses,2056__0__101__486__600__3,0.41,0.97,0.97,0.45,level_6,jails__jails__district jails__movement of prisons__travel expenses,6,6,Jails - Jails - District Jails - Movement Of Prisons - Travel Expenses,district jails
jails,2018-19,jails__null__jails__district jails__movement of prisons__office expenses,2056__0__101__486__600__4,0,3.5,3.5,3.7,level_6,jails__jails__district jails__movement of prisons__office expenses,6,6,Jails - Jails - District Jails - Movement Of Prisons - Office Expenses,district jails
jails,2019-20,jails__null__jails__district jails__movement of prisons__office expenses,2056__0__101__486__600__4,1.06,3.7,3.7,3.7,level_6,jails__jails__district jails__movement of prisons__office expenses,6,6,Jails - Jails - District Jails - Movement Of Prisons - Office Expenses,district jails
jails,2020-21,jails__null__jails__district jails__movement of prisons__office expenses,2056__0__101__486__600__4,0.48,3.7,3.7,3.4699999999999998,level_6,jails__jails__district jails__movement of prisons__office expenses,6,6,Jails - Jails - District Jails - Movement Of Prisons - Office Expenses,district jails
jails,2021-22,jails__null__jails__district jails__movement of prisons__office expenses,2056__0__101__486__600__4,0.85,3.4699999999999998,3.4699999999999998,2.98,level_6,jails__jails__district jails__movement of prisons__office expenses,6,6,Jails - Jails - District Jails - Movement Of Prisons - Office Expenses,district jails
jails,2018-19,jails__null__jails__district jails__movement of prisons__minor works,2056__0__101__486__600__14,0,10,10,11,level_6,jails__jails__district jails__movement of prisons__minor works,6,6,Jails - Jails - District Jails - Movement Of Prisons - Minor Works,district jails
jails,2019-20,jails__null__jails__district jails__movement of prisons__minor works,2056__0__101__486__600__14,0,11,11,12.1,level_6,jails__jails__district jails__movement of prisons__minor works,6,6,Jails - Jails - District Jails - Movement Of Prisons - Minor Works,district jails
jails,2020-21,jails__null__jails__district jails__movement of prisons__minor works,2056__0__101__486__600__14,1.99,12.1,12.1,13.02,level_6,jails__jails__district jails__movement of prisons__minor works,6,6,Jails - Jails - District Jails - Movement Of Prisons - Minor Works,district jails
jails,2021-22,jails__null__jails__district jails__movement of prisons__minor works,2056__0__101__486__600__14,12.06,13.02,13.02,11.7,level_6,jails__jails__district jails__movement of prisons__minor works,6,6,Jails - Jails - District Jails - Movement Of Prisons - Minor Works,district jails
jails,2018-19,jails__null__jails__district jails__movement of prisons__maintenance,2056__0__101__486__600__17,0,2,2,3,level_6,jails__jails__district jails__movement of prisons__maintenance,6,6,Jails - Jails - District Jails - Movement Of Prisons - Maintenance,district jails
jails,2019-20,jails__null__jails__district jails__movement of prisons__maintenance,2056__0__101__486__600__17,0.98,3,3,3.3,level_6,jails__jails__district jails__movement of prisons__maintenance,6,6,Jails - Jails - District Jails - Movement Of Prisons - Maintenance,district jails
jails,2020-21,jails__null__jails__district jails__movement of prisons__maintenance,2056__0__101__486__600__17,3,3.3,3.3,3.07,level_6,jails__jails__district jails__movement of prisons__maintenance,6,6,Jails - Jails - District Jails - Movement Of Prisons - Maintenance,district jails
jails,2021-22,jails__null__jails__district jails__movement of prisons__maintenance,2056__0__101__486__600__17,2.74,3.07,3.07,4.5,level_6,jails__jails__district jails__movement of prisons__maintenance,6,6,Jails - Jails - District Jails - Movement Of Prisons - Maintenance,district jails
jails,2018-19,jails__null__jails__district jails__movement of prisons__materials & supplies,2056__0__101__486__600__19,0,15,35,21.3,level_6,jails__jails__district jails__movement of prisons__materials & supplies,6,6,Jails - Jails - District Jails - Movement Of Prisons - Materials & Supplies,district jails
jails,2019-20,jails__null__jails__district jails__movement of prisons__materials & supplies,2056__0__101__486__600__19,34.38,21.3,21.3,17.81,level_6,jails__jails__district jails__movement of prisons__materials & supplies,6,6,Jails - Jails - District Jails - Movement Of Prisons - Materials & Supplies,district jails
jails,2020-21,jails__null__jails__district jails__movement of prisons__materials & supplies,2056__0__101__486__600__19,15.04,17.81,17.81,18.05,level_6,jails__jails__district jails__movement of prisons__materials & supplies,6,6,Jails - Jails - District Jails - Movement Of Prisons - Materials & Supplies,district jails
jails,2021-22,jails__null__jails__district jails__movement of prisons__materials & supplies,2056__0__101__486__600__19,16.75,18.05,18.05,17.849999999999998,level_6,jails__jails__district jails__movement of prisons__materials & supplies,6,6,Jails - Jails - District Jails - Movement Of Prisons - Materials & Supplies,district jails
jails,2018-19,"jails__null__jails__district jails__movement of prisons__rents, rates & taxes / royalty",2056__0__101__486__600__6,0,0.3,0.3,0.3,level_6,"jails__jails__district jails__movement of prisons__rents, rates & taxes / royalty",6,6,"Jails - Jails - District Jails - Movement Of Prisons - Rents, Rates & Taxes / Royalty",district jails
jails,2019-20,"jails__null__jails__district jails__movement of prisons__rents, rates & taxes / royalty",2056__0__101__486__600__6,0,0.3,0.3,0.3,level_6,"jails__jails__district jails__movement of prisons__rents, rates & taxes / royalty",6,6,"Jails - Jails - District Jails - Movement Of Prisons - Rents, Rates & Taxes / Royalty",district jails
jails,2020-21,"jails__null__jails__district jails__movement of prisons__rents, rates & taxes / royalty",2056__0__101__486__600__6,0,0.3,0.3,0.28,level_6,"jails__jails__district jails__movement of prisons__rents, rates & taxes / royalty",6,6,"Jails - Jails - District Jails - Movement Of Prisons - Rents, Rates & Taxes / Royalty",district jails
jails,2021-22,"jails__null__jails__district jails__movement of prisons__rents, rates & taxes / royalty",2056__0__101__486__600__6,0,0.28,0.28,0.25,level_6,"jails__jails__district jails__movement of prisons__rents, rates & taxes / royalty",6,6,"Jails - Jails - District Jails - Movement Of Prisons - Rents, Rates & Taxes / Royalty",district jails
jails,2018-19,jails__null__direction and administration__head quarters establishment__null__other charges,2056__0__1__172__0__26,0,26,26,26.5,level_6,jails__direction and administration__head quarters establishment__other charges,6,6,Jails - Direction And Administration - Head Quarters Establishment - Other Charges,direction and administration
jails,2019-20,jails__null__direction and administration__head quarters establishment__null__other charges,2056__0__1__172__0__26,6,26.5,50.5,337,level_6,jails__direction and administration__head quarters establishment__other charges,6,6,Jails - Direction And Administration - Head Quarters Establishment - Other Charges,direction and administration
jails,2020-21,jails__null__direction and administration__head quarters establishment__null__other charges,2056__0__1__172__0__26,35,337,337,73.01,level_6,jails__direction and administration__head quarters establishment__other charges,6,6,Jails - Direction And Administration - Head Quarters Establishment - Other Charges,direction and administration
jails,2021-22,jails__null__direction and administration__head quarters establishment__null__other charges,2056__0__1__172__0__26,8,73.01,73.01,11.8,level_6,jails__direction and administration__head quarters establishment__other charges,6,6,Jails - Direction And Administration - Head Quarters Establishment - Other Charges,direction and administration
jails,2018-19,jails__null__jail manufacturers__null__null__materials & supplies,2056__0__102__0__0__19,23.1,40,40,44,level_6,jails__jail manufacturers__materials & supplies,6,6,Jails - Jail Manufacturers - Materials & Supplies,jail manufacturers
jails,2019-20,jails__null__jail manufacturers__null__null__materials & supplies,2056__0__102__0__0__19,21.67,44,44,48.4,level_6,jails__jail manufacturers__materials & supplies,6,6,Jails - Jail Manufacturers - Materials & Supplies,jail manufacturers
jails,2020-21,jails__null__jail manufacturers__null__null__materials & supplies,2056__0__102__0__0__19,15.42,48.4,48.4,18.6,level_6,jails__jail manufacturers__materials & supplies,6,6,Jails - Jail Manufacturers - Materials & Supplies,jail manufacturers
jails,2021-22,jails__null__jail manufacturers__null__null__materials & supplies,2056__0__102__0__0__19,26.91,18.6,18.6,135,level_6,jails__jail manufacturers__materials & supplies,6,6,Jails - Jail Manufacturers - Materials & Supplies,jail manufacturers
jails,2018-19,"jails__null__other expenditure__open air jails__null__rents, rates & taxes / royalty",2056__0__800__489__0__6,0,0.1,0.1,0.1,level_6,"jails__other expenditure__open air jails__rents, rates & taxes / royalty",6,6,"Jails - Other Expenditure - Open Air Jails - Rents, Rates & Taxes / Royalty",open-air jails
jails,2019-20,"jails__null__other expenditure__open air jails__null__rents, rates & taxes / royalty",2056__0__800__489__0__6,0,0.1,0.1,0.1,level_6,"jails__other expenditure__open air jails__rents, rates & taxes / royalty",6,6,"Jails - Other Expenditure - Open Air Jails - Rents, Rates & Taxes / Royalty",open-air jails
jails,2020-21,"jails__null__other expenditure__open air jails__null__rents, rates & taxes / royalty",2056__0__800__489__0__6,0,0.1,0.1,0.09,level_6,"jails__other expenditure__open air jails__rents, rates & taxes / royalty",6,6,"Jails - Other Expenditure - Open Air Jails - Rents, Rates & Taxes / Royalty",open-air jails
jails,2021-22,"jails__null__other expenditure__open air jails__null__rents, rates & taxes / royalty",2056__0__800__489__0__6,0,0.09,0.09,0.09,level_6,"jails__other expenditure__open air jails__rents, rates & taxes / royalty",6,6,"Jails - Other Expenditure - Open Air Jails - Rents, Rates & Taxes / Royalty",open-air jails
jails,2018-19,jails__null__other expenditure__open air jails__null__machinery and equipment / tools & plants,2056__0__800__489__0__15,0,1,1,1,level_6,jails__other expenditure__open air jails__machinery and equipment / tools & plants,6,6,Jails - Other Expenditure - Open Air Jails - Machinery And Equipment / Tools & Plants,open-air jails
jails,2019-20,jails__null__other expenditure__open air jails__null__machinery and equipment / tools & plants,2056__0__800__489__0__15,0,1,1,12,level_6,jails__other expenditure__open air jails__machinery and equipment / tools & plants,6,6,Jails - Other Expenditure - Open Air Jails - Machinery And Equipment / Tools & Plants,open-air jails
jails,2020-21,jails__null__other expenditure__open air jails__null__machinery and equipment / tools & plants,2056__0__800__489__0__15,0,12,12,0.01,level_6,jails__other expenditure__open air jails__machinery and equipment / tools & plants,6,6,Jails - Other Expenditure - Open Air Jails - Machinery And Equipment / Tools & Plants,open-air jails
jails,2021-22,jails__null__other expenditure__open air jails__null__machinery and equipment / tools & plants,2056__0__800__489__0__15,0.28,0.01,0.01,0.01,level_6,jails__other expenditure__open air jails__machinery and equipment / tools & plants,6,6,Jails - Other Expenditure - Open Air Jails - Machinery And Equipment / Tools & Plants,open-air jails
jails,2018-19,jails__null__other expenditure__open air jails__null__materials & supplies,2056__0__800__489__0__19,3.48,6.56,10.04,9.1,level_6,jails__other expenditure__open air jails__materials & supplies,6,6,Jails - Other Expenditure - Open Air Jails - Materials & Supplies,open-air jails
jails,2019-20,jails__null__other expenditure__open air jails__null__materials & supplies,2056__0__800__489__0__19,7.17,9.1,9.1,7.5,level_6,jails__other expenditure__open air jails__materials & supplies,6,6,Jails - Other Expenditure - Open Air Jails - Materials & Supplies,open-air jails
jails,2020-21,jails__null__other expenditure__open air jails__null__materials & supplies,2056__0__800__489__0__19,4.46,7.5,7.5,6.99,level_6,jails__other expenditure__open air jails__materials & supplies,6,6,Jails - Other Expenditure - Open Air Jails - Materials & Supplies,open-air jails
jails,2021-22,jails__null__other expenditure__open air jails__null__materials & supplies,2056__0__800__489__0__19,4.21,6.99,6.99,6.75,level_6,jails__other expenditure__open air jails__materials & supplies,6,6,Jails - Other Expenditure - Open Air Jails - Materials & Supplies,open-air jails
jails,2018-19,jails__null__jail manufacturers__null__null__machinery and equipment / tools & plants,2056__0__102__0__0__15,0,5,5,5.5,level_6,jails__jail manufacturers__machinery and equipment / tools & plants,6,6,Jails - Jail Manufacturers - Machinery And Equipment / Tools & Plants,jail manufacturers
jails,2019-20,jails__null__jail manufacturers__null__null__machinery and equipment / tools & plants,2056__0__102__0__0__15,0,5.5,5.5,5.5,level_6,jails__jail manufacturers__machinery and equipment / tools & plants,6,6,Jails - Jail Manufacturers - Machinery And Equipment / Tools & Plants,jail manufacturers
jails,2020-21,jails__null__jail manufacturers__null__null__machinery and equipment / tools & plants,2056__0__102__0__0__15,0,5.5,5.5,5.12,level_6,jails__jail manufacturers__machinery and equipment / tools & plants,6,6,Jails - Jail Manufacturers - Machinery And Equipment / Tools & Plants,jail manufacturers
jails,2021-22,jails__null__jail manufacturers__null__null__machinery and equipment / tools & plants,2056__0__102__0__0__15,0,5.12,5.12,0.01,level_6,jails__jail manufacturers__machinery and equipment / tools & plants,6,6,Jails - Jail Manufacturers - Machinery And Equipment / Tools & Plants,jail manufacturers
jails,2018-19,jails__null__jails__changes for police custody__movement of prisons__other charges,2056__0__101__487__600__26,355.32,309.5,309.5,460.4,level_6,jails__jails__changes for police custody__movement of prisons__other charges,6,6,Jails - Jails - Changes For Police Custody - Movement Of Prisons - Other Charges,jails
jails,2019-20,jails__null__jails__changes for police custody__movement of prisons__other charges,2056__0__101__487__600__26,308.77,460.4,823.9,825.2,level_6,jails__jails__changes for police custody__movement of prisons__other charges,6,6,Jails - Jails - Changes For Police Custody - Movement Of Prisons - Other Charges,jails
jails,2020-21,jails__null__jails__changes for police custody__movement of prisons__other charges,2056__0__101__487__600__26,812.82,825.2,825.2,769.63,level_6,jails__jails__changes for police custody__movement of prisons__other charges,6,6,Jails - Jails - Changes For Police Custody - Movement Of Prisons - Other Charges,jails
jails,2021-22,jails__null__jails__changes for police custody__movement of prisons__other charges,2056__0__101__487__600__26,502.15999999999997,769.63,769.63,289.63,level_6,jails__jails__changes for police custody__movement of prisons__other charges,6,6,Jails - Jails - Changes For Police Custody - Movement Of Prisons - Other Charges,jails
jails,2018-19,jails__null__direction and administration__head quarters establishment__null__wages,2056__0__1__172__0__2,0.78,0.78,0.78,1.08,level_6,jails__direction and administration__head quarters establishment__wages,6,6,Jails - Direction And Administration - Head Quarters Establishment - Wages,direction and administration
jails,2019-20,jails__null__direction and administration__head quarters establishment__null__wages,2056__0__1__172__0__2,0.52,1.08,1.08,4.32,level_6,jails__direction and administration__head quarters establishment__wages,6,6,Jails - Direction And Administration - Head Quarters Establishment - Wages,direction and administration
jails,2020-21,jails__null__direction and administration__head quarters establishment__null__wages,2056__0__1__172__0__2,1.08,4.32,4.32,4.01,level_6,jails__direction and administration__head quarters establishment__wages,6,6,Jails - Direction And Administration - Head Quarters Establishment - Wages,direction and administration
jails,2021-22,jails__null__direction and administration__head quarters establishment__null__wages,2056__0__1__172__0__2,4.2,4.01,4.01,4.32,level_6,jails__direction and administration__head quarters establishment__wages,6,6,Jails - Direction And Administration - Head Quarters Establishment - Wages,direction and administration
jails,2018-19,jails__null__jails__district jails__null__wages,2056__0__101__486__0__2,456.54,530.01,530.01,578.34,level_6,jails__jails__district jails__wages,6,6,Jails - Jails - District Jails - Wages,district jails
jails,2019-20,jails__null__jails__district jails__null__wages,2056__0__101__486__0__2,454.8,578.34,578.34,583.84,level_6,jails__jails__district jails__wages,6,6,Jails - Jails - District Jails - Wages,district jails
jails,2020-21,jails__null__jails__district jails__null__wages,2056__0__101__486__0__2,441.24,583.84,583.84,542.96,level_6,jails__jails__district jails__wages,6,6,Jails - Jails - District Jails - Wages,district jails
jails,2021-22,jails__null__jails__district jails__null__wages,2056__0__101__486__0__2,410.53999999999996,542.96,542.96,597.25,level_6,jails__jails__district jails__wages,6,6,Jails - Jails - District Jails - Wages,district jails
jails,2018-19,jails__null__jail manufacturers__null__null__wages,2056__0__102__0__0__2,11.75,17,17,18.7,level_6,jails__jail manufacturers__wages,6,6,Jails - Jail Manufacturers - Wages,jail manufacturers
jails,2019-20,jails__null__jail manufacturers__null__null__wages,2056__0__102__0__0__2,30.76,18.7,18.7,25,level_6,jails__jail manufacturers__wages,6,6,Jails - Jail Manufacturers - Wages,jail manufacturers
jails,2020-21,jails__null__jail manufacturers__null__null__wages,2056__0__102__0__0__2,15.86,25,25,25.11,level_6,jails__jail manufacturers__wages,6,6,Jails - Jail Manufacturers - Wages,jail manufacturers
jails,2021-22,jails__null__jail manufacturers__null__null__wages,2056__0__102__0__0__2,20.16,25.11,25.11,25.11,level_6,jails__jail manufacturers__wages,6,6,Jails - Jail Manufacturers - Wages,jail manufacturers
jails,2018-19,jails__null__other expenditure__open air jails__null__wages,2056__0__800__489__0__2,5.25,5.5,5.5,6,level_6,jails__other expenditure__open air jails__wages,6,6,Jails - Other Expenditure - Open Air Jails - Wages,open-air jails
jails,2019-20,jails__null__other expenditure__open air jails__null__wages,2056__0__800__489__0__2,8.29,6,6,6.6,level_6,jails__other expenditure__open air jails__wages,6,6,Jails - Other Expenditure - Open Air Jails - Wages,open-air jails
jails,2020-21,jails__null__other expenditure__open air jails__null__wages,2056__0__800__489__0__2,4.57,6.6,6.6,6.14,level_6,jails__other expenditure__open air jails__wages,6,6,Jails - Other Expenditure - Open Air Jails - Wages,open-air jails
jails,2021-22,jails__null__other expenditure__open air jails__null__wages,2056__0__800__489__0__2,5.46,6.14,6.14,6.75,level_6,jails__other expenditure__open air jails__wages,6,6,Jails - Other Expenditure - Open Air Jails - Wages,open-air jails
jails,2018-19,jails__null__jails__district jails__movement of prisons__wages,2056__0__101__486__600__2,0,1.5,1.5,1.65,level_6,jails__jails__district jails__movement of prisons__wages,6,6,Jails - Jails - District Jails - Movement Of Prisons - Wages,district jails
jails,2019-20,jails__null__jails__district jails__movement of prisons__wages,2056__0__101__486__600__2,1.5,1.65,1.65,1.65,level_6,jails__jails__district jails__movement of prisons__wages,6,6,Jails - Jails - District Jails - Movement Of Prisons - Wages,district jails
jails,2020-21,jails__null__jails__district jails__movement of prisons__wages,2056__0__101__486__600__2,1.24,1.65,1.65,1.67,level_6,jails__jails__district jails__movement of prisons__wages,6,6,Jails - Jails - District Jails - Movement Of Prisons - Wages,district jails
jails,2021-22,jails__null__jails__district jails__movement of prisons__wages,2056__0__101__486__600__2,1.65,1.67,1.67,1.84,level_6,jails__jails__district jails__movement of prisons__wages,6,6,Jails - Jails - District Jails - Movement Of Prisons - Wages,district jails
jails,2018-19,jails__null__direction and administration__head quarters establishment__null__machinery and equipment / tools & plants,2056__0__1__172__0__15,0,110,110,300,level_6,jails__direction and administration__head quarters establishment__machinery and equipment / tools & plants,6,6,Jails - Direction And Administration - Head Quarters Establishment - Machinery And Equipment / Tools & Plants,direction and administration
jails,2019-20,jails__null__direction and administration__head quarters establishment__null__machinery and equipment / tools & plants,2056__0__1__172__0__15,0,300,300,300,level_6,jails__direction and administration__head quarters establishment__machinery and equipment / tools & plants,6,6,Jails - Direction And Administration - Head Quarters Establishment - Machinery And Equipment / Tools & Plants,direction and administration
jails,2020-21,jails__null__direction and administration__head quarters establishment__null__machinery and equipment / tools & plants,2056__0__1__172__0__15,114.34,300,300,4.65,level_6,jails__direction and administration__head quarters establishment__machinery and equipment / tools & plants,6,6,Jails - Direction And Administration - Head Quarters Establishment - Machinery And Equipment / Tools & Plants,direction and administration
jails,2021-22,jails__null__direction and administration__head quarters establishment__null__machinery and equipment / tools & plants,2056__0__1__172__0__15,0,4.65,32.43,90,level_6,jails__direction and administration__head quarters establishment__machinery and equipment / tools & plants,6,6,Jails - Direction And Administration - Head Quarters Establishment - Machinery And Equipment / Tools & Plants,direction and administration
jails,2018-19,jails__null__direction and administration__head quarters establishment__null__grants-in-aid general (non-salary),2056__0__1__172__0__32,0,25,25,33.2,level_6,jails__direction and administration__head quarters establishment__grants-in-aid general (non-salary),6,6,Jails - Direction And Administration - Head Quarters Establishment - Grants-In-Aid General (Non-Salary),direction and administration
jails,2019-20,jails__null__direction and administration__head quarters establishment__null__grants-in-aid general (non-salary),2056__0__1__172__0__32,9.7,33.2,33.2,40.1,level_6,jails__direction and administration__head quarters establishment__grants-in-aid general (non-salary),6,6,Jails - Direction And Administration - Head Quarters Establishment - Grants-In-Aid General (Non-Salary),direction and administration
jails,2020-21,jails__null__direction and administration__head quarters establishment__null__grants-in-aid general (non-salary),2056__0__1__172__0__32,23.2,40.1,40.1,40.1,level_6,jails__direction and administration__head quarters establishment__grants-in-aid general (non-salary),6,6,Jails - Direction And Administration - Head Quarters Establishment - Grants-In-Aid General (Non-Salary),direction and administration
jails,2021-22,jails__null__direction and administration__head quarters establishment__null__grants-in-aid general (non-salary),2056__0__1__172__0__32,22.3,40.1,40.1,10,level_6,jails__direction and administration__head quarters establishment__grants-in-aid general (non-salary),6,6,Jails - Direction And Administration - Head Quarters Establishment - Grants-In-Aid General (Non-Salary),direction and administration
jails,2018-19,jails__null__jails__district jails__movement of prisons__purchase of motor vehicles,2056__0__101__486__600__16,0,0,0,0.01,level_6,jails__jails__district jails__movement of prisons__purchase of motor vehicles,6,6,Jails - Jails - District Jails - Movement Of Prisons - Purchase Of Motor Vehicles,district jails
jails,2019-20,jails__null__jails__district jails__movement of prisons__purchase of motor vehicles,2056__0__101__486__600__16,0,0.01,0.01,0.01,level_6,jails__jails__district jails__movement of prisons__purchase of motor vehicles,6,6,Jails - Jails - District Jails - Movement Of Prisons - Purchase Of Motor Vehicles,district jails
jails,2020-21,jails__null__jails__district jails__movement of prisons__purchase of motor vehicles,2056__0__101__486__600__16,0,0.01,4.51,6.98,level_6,jails__jails__district jails__movement of prisons__purchase of motor vehicles,6,6,Jails - Jails - District Jails - Movement Of Prisons - Purchase Of Motor Vehicles,district jails
jails,2021-22,jails__null__jails__district jails__movement of prisons__purchase of motor vehicles,2056__0__101__486__600__16,4.35,6.98,8,0,level_6,jails__jails__district jails__movement of prisons__purchase of motor vehicles,6,6,Jails - Jails - District Jails - Movement Of Prisons - Purchase Of Motor Vehicles,district jails
jails,2018-19,capital outlay on public works__office buildings__construction - general pool accommodation__jails__modernisation of prison administration__major works,4059__1__101__1484__485__13,0,32.53,32.53,38,level_6,capital outlay on public works__office buildings__construction - general pool accommodation__jails__modernisation of prison administration__major works,6,6,Capital Outlay On Public Works - Office Buildings - Construction - General Pool Accommodation - Jails - Modernisation Of Prison Administration - Major Works,capital outlay
jails,2019-20,capital outlay on public works__office buildings__construction - general pool accommodation__jails__modernisation of prison administration__major works,4059__1__101__1484__485__13,16.56,38,38,21.14,level_6,capital outlay on public works__office buildings__construction - general pool accommodation__jails__modernisation of prison administration__major works,6,6,Capital Outlay On Public Works - Office Buildings - Construction - General Pool Accommodation - Jails - Modernisation Of Prison Administration - Major Works,capital outlay
jails,2020-21,capital outlay on public works__office buildings__construction - general pool accommodation__jails__modernisation of prison administration__major works,4059__1__101__1484__485__13,0,21.14,21.14,10.08,level_6,capital outlay on public works__office buildings__construction - general pool accommodation__jails__modernisation of prison administration__major works,6,6,Capital Outlay On Public Works - Office Buildings - Construction - General Pool Accommodation - Jails - Modernisation Of Prison Administration - Major Works,capital outlay
jails,2021-22,capital outlay on public works__office buildings__construction - general pool accommodation__jails__modernisation of prison administration__major works,4059__1__101__1484__485__13,10.54,10.08,10.08,0,level_6,capital outlay on public works__office buildings__construction - general pool accommodation__jails__modernisation of prison administration__major works,6,6,Capital Outlay On Public Works - Office Buildings - Construction - General Pool Accommodation - Jails - Modernisation Of Prison Administration - Major Works,capital outlay
jails,2018-19,capital outlay on public works__office buildings__construction - general pool accommodation__jails__genl. security related expenditure__major works,4059__1__101__1484__486__13,0,128.81,128.81,217.15,level_6,capital outlay on public works__office buildings__construction - general pool accommodation__jails__genl. security related expenditure__major works,6,6,Capital Outlay On Public Works - Office Buildings - Construction - General Pool Accommodation - Jails - Genl. Security Related Expenditure - Major Works,capital outlay
jails,2019-20,capital outlay on public works__office buildings__construction - general pool accommodation__jails__genl. security related expenditure__major works,4059__1__101__1484__486__13,0,217.15,217.15,200,level_6,capital outlay on public works__office buildings__construction - general pool accommodation__jails__genl. security related expenditure__major works,6,6,Capital Outlay On Public Works - Office Buildings - Construction - General Pool Accommodation - Jails - Genl. Security Related Expenditure - Major Works,capital outlay
jails,2020-21,capital outlay on public works__office buildings__construction - general pool accommodation__jails__genl. security related expenditure__major works,4059__1__101__1484__486__13,142.68,200,200,141.28,level_6,capital outlay on public works__office buildings__construction - general pool accommodation__jails__genl. security related expenditure__major works,6,6,Capital Outlay On Public Works - Office Buildings - Construction - General Pool Accommodation - Jails - Genl. Security Related Expenditure - Major Works,capital outlay
jails,2021-22,capital outlay on public works__office buildings__construction - general pool accommodation__jails__genl. security related expenditure__major works,4059__1__101__1484__486__13,102.59,141.28,141.28,0,level_6,capital outlay on public works__office buildings__construction - general pool accommodation__jails__genl. security related expenditure__major works,6,6,Capital Outlay On Public Works - Office Buildings - Construction - General Pool Accommodation - Jails - Genl. Security Related Expenditure - Major Works,capital outlay
jails,2018-19,"capital outlay on public works__office buildings__construction - general pool accommodation__jails__works (construction of 11 numbers of staff quarters & expenses on construction of prisoners barrack, kitchen, dining room, latrine, master drain, etc.)__major works",4059__1__101__1484__770__13,0,495,495,1380.94,level_6,"capital outlay on public works__office buildings__construction - general pool accommodation__jails__works (construction of 11 numbers of staff quarters & expenses on construction of prisoners barrack, kitchen, dining room, latrine, master drain, etc.)__major works",6,6,"Capital Outlay On Public Works - Office Buildings - Construction - General Pool Accommodation - Jails - Works (Construction Of 11 Numbers Of Staff Quarters & Expenses On Construction Of Prisoners Barrack, Kitchen, Dining Room, Latrine, Master Drain, Etc.) - Major Works",capital outlay
jails,2019-20,"capital outlay on public works__office buildings__construction - general pool accommodation__jails__works (construction of 11 numbers of staff quarters & expenses on construction of prisoners barrack, kitchen, dining room, latrine, master drain, etc.)__major works",4059__1__101__1484__770__13,64.53,1380.94,1380.94,1800,level_6,"capital outlay on public works__office buildings__construction - general pool accommodation__jails__works (construction of 11 numbers of staff quarters & expenses on construction of prisoners barrack, kitchen, dining room, latrine, master drain, etc.)__major works",6,6,"Capital Outlay On Public Works - Office Buildings - Construction - General Pool Accommodation - Jails - Works (Construction Of 11 Numbers Of Staff Quarters & Expenses On Construction Of Prisoners Barrack, Kitchen, Dining Room, Latrine, Master Drain, Etc.) - Major Works",capital outlay
jails,2020-21,"capital outlay on public works__office buildings__construction - general pool accommodation__jails__works (construction of 11 numbers of staff quarters & expenses on construction of prisoners barrack, kitchen, dining room, latrine, master drain, etc.)__major works",4059__1__101__1484__770__13,515.71,1800,1800,1550.22,level_6,"capital outlay on public works__office buildings__construction - general pool accommodation__jails__works (construction of 11 numbers of staff quarters & expenses on construction of prisoners barrack, kitchen, dining room, latrine, master drain, etc.)__major works",6,6,"Capital Outlay On Public Works - Office Buildings - Construction - General Pool Accommodation - Jails - Works (Construction Of 11 Numbers Of Staff Quarters & Expenses On Construction Of Prisoners Barrack, Kitchen, Dining Room, Latrine, Master Drain, Etc.) - Major Works",capital outlay
jails,2021-22,"capital outlay on public works__office buildings__construction - general pool accommodation__jails__works (construction of 11 numbers of staff quarters & expenses on construction of prisoners barrack, kitchen, dining room, latrine, master drain, etc.)__major works",4059__1__101__1484__770__13,1511.02,1550.22,1550.22,0,level_6,"capital outlay on public works__office buildings__construction - general pool accommodation__jails__works (construction of 11 numbers of staff quarters & expenses on construction of prisoners barrack, kitchen, dining room, latrine, master drain, etc.)__major works",6,6,"Capital Outlay On Public Works - Office Buildings - Construction - General Pool Accommodation - Jails - Works (Construction Of 11 Numbers Of Staff Quarters & Expenses On Construction Of Prisoners Barrack, Kitchen, Dining Room, Latrine, Master Drain, Etc.) - Major Works",capital outlay
jails,2018-19,capital outlay on public works__office buildings__construction - general pool accommodation__district jails__null__major works,4059__1__101__486__0__13,0,60,60,93.11,level_6,capital outlay on public works__office buildings__construction - general pool accommodation__district jails__major works,6,6,Capital Outlay On Public Works - Office Buildings - Construction - General Pool Accommodation - District Jails - Major Works,capital outlay
jails,2019-20,capital outlay on public works__office buildings__construction - general pool accommodation__district jails__null__major works,4059__1__101__486__0__13,35.77,93.11,93.11,100,level_6,capital outlay on public works__office buildings__construction - general pool accommodation__district jails__major works,6,6,Capital Outlay On Public Works - Office Buildings - Construction - General Pool Accommodation - District Jails - Major Works,capital outlay
jails,2020-21,capital outlay on public works__office buildings__construction - general pool accommodation__district jails__null__major works,4059__1__101__486__0__13,66.83,100,100,59.85,level_6,capital outlay on public works__office buildings__construction - general pool accommodation__district jails__major works,6,6,Capital Outlay On Public Works - Office Buildings - Construction - General Pool Accommodation - District Jails - Major Works,capital outlay
jails,2021-22,capital outlay on public works__office buildings__construction - general pool accommodation__district jails__null__major works,4059__1__101__486__0__13,84.63,59.85,59.85,0,level_6,capital outlay on public works__office buildings__construction - general pool accommodation__district jails__major works,6,6,Capital Outlay On Public Works - Office Buildings - Construction - General Pool Accommodation - District Jails - Major Works,capital outlay
